SET SQL_MODE="NO_AUTO_VALUE_ON_ZERO";
SET time_zone = "+00:00";

/*!40101 SET @OLD_CHARACTER_SET_CLIENT=@@CHARACTER_SET_CLIENT */;
/*!40101 SET @OLD_CHARACTER_SET_RESULTS=@@CHARACTER_SET_RESULTS */;
/*!40101 SET @OLD_COLLATION_CONNECTION=@@COLLATION_CONNECTION */;
/*!40101 SET NAMES utf8 */;


CREATE TABLE IF NOT EXISTS `cliente` (
  `id` int(11) NOT NULL AUTO_INCREMENT,
  `nome` varchar(100) NOT NULL,
  PRIMARY KEY (`id`)
) ENGINE=MyISAM  DEFAULT CHARSET=latin1 AUTO_INCREMENT=8 ;

INSERT INTO `cliente` VALUES(1, 'Maria');
INSERT INTO `cliente` VALUES(2, 'Joao');
INSERT INTO `cliente` VALUES(3, 'Mariana');
INSERT INTO `cliente` VALUES(5, 'Anderson');
INSERT INTO `cliente` VALUES(7, 'Eduarda');

CREATE TABLE IF NOT EXISTS `produto` (
  `id` int(11) NOT NULL AUTO_INCREMENT,
  `descricao` varchar(100) NOT NULL,
  `preco` double NOT NULL,
  PRIMARY KEY (`id`)
) ENGINE=MyISAM  DEFAULT CHARSET=latin1 AUTO_INCREMENT=6 ;

INSERT INTO `produto` VALUES(1, 'arroz', 2.5);
INSERT INTO `produto` VALUES(2, 'acucar', 2);
INSERT INTO `produto` VALUES(3, 'leite', 4);
INSERT INTO `produto` VALUES(4, '', 0);
INSERT INTO `produto` VALUES(5, 'feijao', 4);

CREATE TABLE IF NOT EXISTS `venda` (
  `id` int(11) NOT NULL AUTO_INCREMENT,
  `clienteId` int(11) NOT NULL,
  `prodId` int(11) NOT NULL,
  `data` date NOT NULL,
  `vendedor` varchar(100) NOT NULL,
  PRIMARY KEY (`id`),
  KEY `clienteId` (`clienteId`),
  KEY `prodId` (`prodId`)
) ENGINE=MyISAM  DEFAULT CHARSET=latin1 AUTO_INCREMENT=19 ;

INSERT INTO `venda` VALUES(1, 1, 1, '2019-04-20', 'Sandra');
INSERT INTO `venda` VALUES(3, 2, 3, '2019-04-04', 'Sandra');
INSERT INTO `venda` VALUES(4, 3, 3, '2019-04-05', 'Antonio');
INSERT INTO `venda` VALUES(5, 3, 2, '2019-04-05', 'Antonio');
INSERT INTO `venda` VALUES(6, 1, 3, '2019-05-20', 'Sandra');
INSERT INTO `venda` VALUES(7, 1, 2, '2019-04-05', 'Antonio');
INSERT INTO `venda` VALUES(8, 1, 2, '2019-04-05', 'Sandra');
INSERT INTO `venda` VALUES(9, 1, 2, '2019-04-05', 'Sandra');
INSERT INTO `venda` VALUES(17, 5, 1, '2019-03-08', 'Antonio');
INSERT INTO `venda` VALUES(15, 7, 2, '2019-03-08', 'Antonio');
INSERT INTO `venda` VALUES(16, 5, 1, '2019-03-08', 'Antonio');
INSERT INTO `venda` VALUES(18, 7, 3, '2019-03-08', 'Sandra');

/*!40101 SET CHARACTER_SET_CLIENT=@OLD_CHARACTER_SET_CLIENT */;
/*!40101 SET CHARACTER_SET_RESULTS=@OLD_CHARACTER_SET_RESULTS */;
/*!40101 SET COLLATION_CONNECTION=@OLD_COLLATION_CONNECTION */;
